-- ============================================================
-- English Brain App — Seed Data (기획문서 v2 콘텐츠)
-- schema.sql 실행 후 이 파일을 실행하세요
-- ============================================================

-- 핵심 동사
INSERT INTO verbs (id,name,core_image,tagline,color,order_no) VALUES (1,'HAVE','내 영역 안에 무언가가 들어와 있다','📦 정지 · 보유 상태','#0C447C',1);
INSERT INTO verbs (id,name,core_image,tagline,color,order_no) VALUES (2,'GET','밖에 있던 것이 내 영역 안으로 이동해 들어온다','→📥 이동 · 변화','#085041',2);
INSERT INTO verbs (id,name,core_image,tagline,color,order_no) VALUES (3,'TAKE','손으로 잡아서 내 쪽으로 가져온 뒤 들고 간다','✊→ 붙잡아 이동','#633806',3);
INSERT INTO verbs (id,name,core_image,tagline,color,order_no) VALUES (4,'MAKE','없던 것을 만들어내거나, 무언가를 새 상태로 바꿔 놓는다','✦ 새 결과 생성','#3C3489',4);

-- 타입 + 예문
INSERT INTO verb_types (id,verb_id,name,concept,order_no) VALUES (1,1,'소유 — 가지고 있다','물건·사람·관계가 내 품 안에 안겨 있는 그림',1);
INSERT INTO sentences (id,type_id,ko,en,level,frequency,tense) VALUES (1,1,'나 차 있어.','I have a car.',1,'중','현재');
INSERT INTO sentences (id,type_id,ko,en,level,frequency,tense) VALUES (2,1,'그녀는 여동생이 둘 있어.','She has two sisters.',1,'중','현재');
INSERT INTO sentences (id,type_id,ko,en,level,frequency,tense) VALUES (3,1,'우리 집에 강아지 키워.','We have a dog at home.',2,'중','현재');
INSERT INTO sentences (id,type_id,ko,en,level,frequency,tense) VALUES (4,1,'나 지금 시간 좀 있어.','I have some time now.',2,'중','현재');
INSERT INTO sentences (id,type_id,ko,en,level,frequency,tense) VALUES (5,1,'그는 좋은 직장이 있어.','He has a good job.',2,'중','현재');
INSERT INTO sentences (id,type_id,ko,en,level,frequency,tense) VALUES (6,1,'나 질문 있어요.','I have a question.',1,'중','현재');
INSERT INTO sentences (id,type_id,ko,en,level,frequency,tense) VALUES (7,1,'우리 내일 회의 있어.','We have a meeting tomorrow.',2,'중','현재');
INSERT INTO sentences (id,type_id,ko,en,level,frequency,tense) VALUES (8,1,'너 내 번호 있어?','Do you have my number?',2,'중','현재');
INSERT INTO sentences (id,type_id,ko,en,level,frequency,tense) VALUES (9,1,'나 좋은 생각이 있어.','I have a good idea.',2,'중','현재');
INSERT INTO sentences (id,type_id,ko,en,level,frequency,tense) VALUES (10,1,'그들은 큰 집이 있어.','They have a big house.',2,'중','현재');
INSERT INTO verb_types (id,verb_id,name,concept,order_no) VALUES (2,1,'경험·상태 — 겪다 / ~인 상태다','지나간 경험이 지금 내 안에 남아 있는 그림',2);
INSERT INTO sentences (id,type_id,ko,en,level,frequency,tense) VALUES (11,2,'어제 즐거운 시간 보냈어.','I had a great time yesterday.',2,'중','과거');
INSERT INTO sentences (id,type_id,ko,en,level,frequency,tense) VALUES (12,2,'힘든 한 주였어.','I had a tough week.',2,'중','과거');
INSERT INTO sentences (id,type_id,ko,en,level,frequency,tense) VALUES (13,2,'우리 좋은 얘기 나눴어.','We had a nice talk.',2,'중','과거');
INSERT INTO sentences (id,type_id,ko,en,level,frequency,tense) VALUES (14,2,'그녀는 어제 안 좋은 하루였어.','She had a bad day.',2,'중','과거');
INSERT INTO sentences (id,type_id,ko,en,level,frequency,tense) VALUES (15,2,'have had는 축약(I''ve), that→it','I''ve had it before.',1,'중','과거');
INSERT INTO sentences (id,type_id,ko,en,level,frequency,tense) VALUES (16,2,'재밌었어!','I had so much fun!',2,'중','과거');
INSERT INTO sentences (id,type_id,ko,en,level,frequency,tense) VALUES (17,2,'어젯밤 이상한 꿈 꿨어.','I had a weird dream last night.',3,'중','과거');
INSERT INTO sentences (id,type_id,ko,en,level,frequency,tense) VALUES (18,2,'우리 어제 문제가 좀 있었어.','We had a problem yesterday.',2,'중','과거');
INSERT INTO sentences (id,type_id,ko,en,level,frequency,tense) VALUES (19,2,'좋은 주말 보냈어?','Did you have a good weekend?',2,'중','현재');
INSERT INTO sentences (id,type_id,ko,en,level,frequency,tense) VALUES (20,2,'그는 어릴 때 힘들었어.','He had a hard time as a kid.',3,'중','과거');
INSERT INTO verb_types (id,verb_id,name,concept,order_no) VALUES (3,1,'먹다·마시다 — 입으로 들이다','음식을 내 몸 안으로 가져오는 그림',3);
INSERT INTO sentences (id,type_id,ko,en,level,frequency,tense) VALUES (21,3,'나 보통 아침에 커피 마셔.','I usually have coffee in the morning.',3,'중','현재');
INSERT INTO sentences (id,type_id,ko,en,level,frequency,tense) VALUES (22,3,'점심 뭐 먹었어?','What did you have for lunch?',2,'중','현재');
INSERT INTO sentences (id,type_id,ko,en,level,frequency,tense) VALUES (23,3,'저 물 한 잔 주세요.','I''ll have a glass of water, please.',3,'중','미래');
INSERT INTO sentences (id,type_id,ko,en,level,frequency,tense) VALUES (24,3,'우리 저녁에 치킨 먹자.','Let''s have chicken for dinner.',2,'중','현재');
INSERT INTO sentences (id,type_id,ko,en,level,frequency,tense) VALUES (25,3,'나 아직 아침 안 먹었어.','I haven''t had breakfast yet.',2,'중','과거');
INSERT INTO sentences (id,type_id,ko,en,level,frequency,tense) VALUES (26,3,'케이크 한 조각 먹을래?','Do you want to have a piece of cake?',3,'중','현재');
INSERT INTO sentences (id,type_id,ko,en,level,frequency,tense) VALUES (27,3,'그냥 샐러드 먹을게.','I''ll just have a salad.',2,'중','미래');
INSERT INTO sentences (id,type_id,ko,en,level,frequency,tense) VALUES (28,3,'우리 같이 점심 먹을래?','Do you want to have lunch together?',3,'중','현재');
INSERT INTO sentences (id,type_id,ko,en,level,frequency,tense) VALUES (29,3,'초보 학습엔 ate가 직관적','I ate lunch late.',1,'중','현재');
INSERT INTO sentences (id,type_id,ko,en,level,frequency,tense) VALUES (30,3,'차 한 잔 하실래요?','Would you like to have some tea?',3,'중','현재');
INSERT INTO verb_types (id,verb_id,name,concept,order_no) VALUES (4,1,'속성·부분 — 그 일부로 지니다','사물·사람이 특정 부분·성질을 달고 있는 그림',4);
INSERT INTO sentences (id,type_id,ko,en,level,frequency,tense) VALUES (31,4,'이 폰은 카메라가 좋아.','This phone has a good camera.',2,'중','현재');
INSERT INTO sentences (id,type_id,ko,en,level,frequency,tense) VALUES (32,4,'그 방은 창문이 커.','The room has big windows.',2,'중','현재');
INSERT INTO sentences (id,type_id,ko,en,level,frequency,tense) VALUES (33,4,'이 셔츠는 주머니가 없어.','This shirt doesn''t have pockets.',2,'중','현재');
INSERT INTO sentences (id,type_id,ko,en,level,frequency,tense) VALUES (34,4,'그녀는 미소가 예뻐.','She has a nice smile.',2,'중','현재');
INSERT INTO sentences (id,type_id,ko,en,level,frequency,tense) VALUES (35,4,'이 차는 좌석이 넓어.','This car has wide seats.',2,'중','현재');
INSERT INTO sentences (id,type_id,ko,en,level,frequency,tense) VALUES (36,4,'그 집은 정원이 있어.','The house has a garden.',2,'중','현재');
INSERT INTO sentences (id,type_id,ko,en,level,frequency,tense) VALUES (37,4,'이 책은 그림이 많아.','This book has a lot of pictures.',3,'중','현재');
INSERT INTO sentences (id,type_id,ko,en,level,frequency,tense) VALUES (38,4,'그는 목소리가 좋아.','He has a nice voice.',2,'중','현재');
INSERT INTO sentences (id,type_id,ko,en,level,frequency,tense) VALUES (39,4,'이 노트북은 화면이 커.','This laptop has a big screen.',2,'중','현재');
INSERT INTO sentences (id,type_id,ko,en,level,frequency,tense) VALUES (40,4,'그 가게는 좋은 물건이 많아.','That store has good stuff.',2,'중','현재');
INSERT INTO verb_types (id,verb_id,name,concept,order_no) VALUES (5,1,'사역 — ~하게 하다 / 시키다','다른 사람·사물을 움직이게 만드는 그림',5);
INSERT INTO sentences (id,type_id,ko,en,level,frequency,tense) VALUES (41,5,'나 어제 머리 잘랐어.','I had my hair cut yesterday.',2,'중','과거');
INSERT INTO sentences (id,type_id,ko,en,level,frequency,tense) VALUES (42,5,'차 수리 맡겼어.','I had my car fixed.',2,'중','과거');
INSERT INTO sentences (id,type_id,ko,en,level,frequency,tense) VALUES (43,5,'내가 그에게 다시 전화하라고 할게.','I''ll have him call you back.',2,'중','미래');
INSERT INTO sentences (id,type_id,ko,en,level,frequency,tense) VALUES (44,5,'그녀가 사람을 시켜서 그걸 보냈어.','She had someone send it.',2,'중','과거');
INSERT INTO sentences (id,type_id,ko,en,level,frequency,tense) VALUES (45,5,'회화는 got, my→a','I got a tooth fixed last week.',3,'중','과거');
INSERT INTO sentences (id,type_id,ko,en,level,frequency,tense) VALUES (46,5,'내가 그를 시켜서 도와줄게.','I''ll have him help you.',2,'중','미래');
INSERT INTO sentences (id,type_id,ko,en,level,frequency,tense) VALUES (47,5,'우리 집에 사람 불러서 청소했어.','We had someone clean the house.',2,'중','과거');
INSERT INTO sentences (id,type_id,ko,en,level,frequency,tense) VALUES (48,5,'그가 나한테 그거 다시 하라고 시켰어.','He had me do it again.',2,'중','과거');
INSERT INTO sentences (id,type_id,ko,en,level,frequency,tense) VALUES (49,5,'나 사진 인화 맡겼어.','I had my photos printed.',2,'중','과거');
INSERT INTO sentences (id,type_id,ko,en,level,frequency,tense) VALUES (50,5,'내가 직원한테 확인하라고 할게요.','I''ll have the staff check it.',2,'중','미래');

INSERT INTO verb_types (id,verb_id,name,concept,order_no) VALUES (6,2,'획득·구매 — 손에 넣다','밖에 있던 물건이 내 손 안으로 들어오는 그림',1);
INSERT INTO sentences (id,type_id,ko,en,level,frequency,tense) VALUES (51,6,'나 어제 새 신발 샀어.','I got new shoes yesterday.',2,'중','과거');
INSERT INTO sentences (id,type_id,ko,en,level,frequency,tense) VALUES (52,6,'그녀가 친구한테 선물 받았어.','She got a gift from a friend.',3,'중','과거');
INSERT INTO sentences (id,type_id,ko,en,level,frequency,tense) VALUES (53,6,'우유 좀 사다 줄래?','Can you get some milk?',2,'중','현재');
INSERT INTO sentences (id,type_id,ko,en,level,frequency,tense) VALUES (54,6,'나 그 일자리 됐어!','I got the job!',1,'중','과거');
INSERT INTO sentences (id,type_id,ko,en,level,frequency,tense) VALUES (55,6,'어디서 그 가방 샀어?','Where did you get that bag?',2,'중','현재');
INSERT INTO sentences (id,type_id,ko,en,level,frequency,tense) VALUES (56,6,'커피 한 잔 사 올게.','I''ll get a coffee.',1,'중','미래');
INSERT INTO sentences (id,type_id,ko,en,level,frequency,tense) VALUES (57,6,'그는 생일에 새 폰 받았어.','He got a new phone for his birthday.',3,'중','과거');
INSERT INTO sentences (id,type_id,ko,en,level,frequency,tense) VALUES (58,6,'표 두 장 구했어.','I got two tickets.',1,'중','과거');
INSERT INTO sentences (id,type_id,ko,en,level,frequency,tense) VALUES (59,6,'나중에 빵 좀 사 올게.','I''ll get some bread later.',2,'중','미래');
INSERT INTO sentences (id,type_id,ko,en,level,frequency,tense) VALUES (60,6,'너 그거 어디서 났어?','Where did you get it?',2,'중','현재');
INSERT INTO verb_types (id,verb_id,name,concept,order_no) VALUES (7,2,'이동·도달 — 어딘가에 닿다','한 지점에서 다른 지점으로 움직여 닿는 그림',2);
INSERT INTO sentences (id,type_id,ko,en,level,frequency,tense) VALUES (61,7,'나 보통 8시에 회사 도착해.','I usually get to work at 8.',3,'중','현재');
INSERT INTO sentences (id,type_id,ko,en,level,frequency,tense) VALUES (62,7,'집에 언제 와?','When will you get home?',2,'중','미래');
INSERT INTO sentences (id,type_id,ko,en,level,frequency,tense) VALUES (63,7,'거기 어떻게 가?','How do I get there?',2,'중','현재');
INSERT INTO sentences (id,type_id,ko,en,level,frequency,tense) VALUES (64,7,'나 방금 도착했어.','I just got here.',1,'중','과거');
INSERT INTO sentences (id,type_id,ko,en,level,frequency,tense) VALUES (65,7,'우리 늦게 도착했어.','We got there late.',1,'중','과거');
INSERT INTO sentences (id,type_id,ko,en,level,frequency,tense) VALUES (66,7,'공항까지 어떻게 가요?','How do I get to the airport?',3,'중','현재');
INSERT INTO sentences (id,type_id,ko,en,level,frequency,tense) VALUES (67,7,'그는 일찍 집에 왔어.','He got home early.',1,'중','과거');
INSERT INTO sentences (id,type_id,ko,en,level,frequency,tense) VALUES (68,7,'우리 곧 도착해.','We''ll get there soon.',1,'중','미래');
INSERT INTO sentences (id,type_id,ko,en,level,frequency,tense) VALUES (69,7,'기차역까지 걸어서 가.','I get to the station on foot.',3,'중','현재');
INSERT INTO sentences (id,type_id,ko,en,level,frequency,tense) VALUES (70,7,'너 몇 시에 도착했어?','What time did you get there?',2,'중','현재');
INSERT INTO verb_types (id,verb_id,name,concept,order_no) VALUES (8,2,'상태변화 — ~해지다','한 상태에서 다른 상태로 변하는 그림 (과정)',3);
INSERT INTO sentences (id,type_id,ko,en,level,frequency,tense) VALUES (71,8,'점점 어두워지고 있어.','It''s getting dark.',1,'중','현재');
INSERT INTO sentences (id,type_id,ko,en,level,frequency,tense) VALUES (72,8,'나 배고파지고 있어.','I''m getting hungry.',1,'중','현재');
INSERT INTO sentences (id,type_id,ko,en,level,frequency,tense) VALUES (73,8,'날씨가 추워지고 있어.','It''s getting cold.',1,'중','현재');
INSERT INTO sentences (id,type_id,ko,en,level,frequency,tense) VALUES (74,8,'나 피곤해지기 시작했어.','I''m getting tired.',1,'중','현재');
INSERT INTO sentences (id,type_id,ko,en,level,frequency,tense) VALUES (75,8,'준비해!','Get ready!',1,'중','현재');
INSERT INTO sentences (id,type_id,ko,en,level,frequency,tense) VALUES (76,8,'점점 나아지고 있어.','It''s getting better.',1,'중','현재');
INSERT INTO sentences (id,type_id,ko,en,level,frequency,tense) VALUES (77,8,'늦어지고 있어, 가자.','It''s getting late, let''s go.',2,'중','현재');
INSERT INTO sentences (id,type_id,ko,en,level,frequency,tense) VALUES (78,8,'나 긴장돼.','I''m getting nervous.',1,'중','현재');
INSERT INTO sentences (id,type_id,ko,en,level,frequency,tense) VALUES (79,8,'그는 화가 났어.','He got angry.',1,'중','과거');
INSERT INTO sentences (id,type_id,ko,en,level,frequency,tense) VALUES (80,8,'너 점점 잘하고 있어.','You''re getting good at this.',2,'중','현재');
INSERT INTO verb_types (id,verb_id,name,concept,order_no) VALUES (9,2,'자격·기회 — ~하게 되다','노력 끝에 기회·자격이 내 손에 들어오는 그림',4);
INSERT INTO sentences (id,type_id,ko,en,level,frequency,tense) VALUES (81,9,'나 그를 만날 기회가 있었어.','I got to meet him.',2,'중','과거');
INSERT INTO sentences (id,type_id,ko,en,level,frequency,tense) VALUES (82,9,'그녀는 일찍 갈 수 있게 됐어.','She got to leave early.',2,'중','과거');
INSERT INTO sentences (id,type_id,ko,en,level,frequency,tense) VALUES (83,9,'우리 무료 표 받았어.','We got free tickets.',1,'중','과거');
INSERT INTO sentences (id,type_id,ko,en,level,frequency,tense) VALUES (84,9,'나 새 프로젝트 맡게 됐어.','I got to work on a new project.',3,'중','과거');
INSERT INTO sentences (id,type_id,ko,en,level,frequency,tense) VALUES (85,9,'그는 1등 했어.','He got first place.',1,'중','과거');
INSERT INTO sentences (id,type_id,ko,en,level,frequency,tense) VALUES (86,9,'나 휴가 받았어.','I got some time off.',2,'중','과거');
INSERT INTO sentences (id,type_id,ko,en,level,frequency,tense) VALUES (87,9,'우리 그 집 계약했어.','We got the house.',1,'중','과거');
INSERT INTO sentences (id,type_id,ko,en,level,frequency,tense) VALUES (88,9,'너 그거 해볼 기회 있었어?','Did you get to try it?',2,'중','현재');
INSERT INTO sentences (id,type_id,ko,en,level,frequency,tense) VALUES (89,9,'나 다음 주에 쉴 수 있게 됐어.','I get to take next week off.',3,'중','현재');
INSERT INTO sentences (id,type_id,ko,en,level,frequency,tense) VALUES (90,9,'그녀는 상을 받았어.','She got an award.',1,'중','과거');
INSERT INTO verb_types (id,verb_id,name,concept,order_no) VALUES (10,2,'이해·전달 — 머리에 들어오다','정보·의미가 내 머릿속으로 들어와 깨닫는 그림',5);
INSERT INTO sentences (id,type_id,ko,en,level,frequency,tense) VALUES (91,10,'무슨 말인지 알겠어.','I get it.',1,'중','현재');
INSERT INTO sentences (id,type_id,ko,en,level,frequency,tense) VALUES (92,10,'왜 그러는지 이해가 안 돼.','I don''t get why.',1,'중','현재');
INSERT INTO sentences (id,type_id,ko,en,level,frequency,tense) VALUES (93,10,'이제 알겠어!','Now I get it!',1,'중','현재');
INSERT INTO sentences (id,type_id,ko,en,level,frequency,tense) VALUES (94,10,'그 농담 이해 못 했어.','I didn''t get the joke.',2,'중','현재');
INSERT INTO sentences (id,type_id,ko,en,level,frequency,tense) VALUES (95,10,'내 말 이해돼?','Do you get what I mean?',2,'중','현재');
INSERT INTO sentences (id,type_id,ko,en,level,frequency,tense) VALUES (96,10,'그가 메시지 전달했어.','He got the message.',1,'중','과거');
INSERT INTO sentences (id,type_id,ko,en,level,frequency,tense) VALUES (97,10,'아직 이해가 안 가.','I still don''t get it.',2,'중','현재');
INSERT INTO sentences (id,type_id,ko,en,level,frequency,tense) VALUES (98,10,'너 이거 이해돼?','Do you get this?',1,'중','현재');
INSERT INTO sentences (id,type_id,ko,en,level,frequency,tense) VALUES (99,10,'그녀는 바로 알아들었어.','She got it right away.',2,'중','과거');
INSERT INTO sentences (id,type_id,ko,en,level,frequency,tense) VALUES (100,10,'미안, 이해 못 했어.','Sorry, I didn''t get that.',2,'중','현재');

INSERT INTO verb_types (id,verb_id,name,concept,order_no) VALUES (11,3,'가져가다·잡다','손으로 잡아서 들고 이동하는 그림',1);
INSERT INTO sentences (id,type_id,ko,en,level,frequency,tense) VALUES (101,11,'우산 가져가.','Take an umbrella.',1,'중','현재');
INSERT INTO sentences (id,type_id,ko,en,level,frequency,tense) VALUES (102,11,'내 손 잡아.','Take my hand.',1,'중','현재');
INSERT INTO sentences (id,type_id,ko,en,level,frequency,tense) VALUES (103,11,'우리 버스 타자.','Let''s take the bus.',1,'중','현재');
INSERT INTO sentences (id,type_id,ko,en,level,frequency,tense) VALUES (104,11,'이거 가져가도 돼?','Can I take this?',1,'중','현재');
INSERT INTO sentences (id,type_id,ko,en,level,frequency,tense) VALUES (105,11,'그가 내 펜 가져갔어.','He took my pen.',1,'중','과거');
INSERT INTO sentences (id,type_id,ko,en,level,frequency,tense) VALUES (106,11,'자리 하나 잡아.','Take a seat.',1,'중','현재');
INSERT INTO sentences (id,type_id,ko,en,level,frequency,tense) VALUES (107,11,'이 약 먹어.','Take this medicine.',1,'중','현재');
INSERT INTO sentences (id,type_id,ko,en,level,frequency,tense) VALUES (108,11,'나 우산 안 가져왔어.','I didn''t take an umbrella.',2,'중','현재');
INSERT INTO sentences (id,type_id,ko,en,level,frequency,tense) VALUES (109,11,'사진 찍어 줄게.','I''ll take a picture.',1,'중','미래');
INSERT INTO sentences (id,type_id,ko,en,level,frequency,tense) VALUES (110,11,'너 이 길로 가.','Take this road.',1,'중','현재');
INSERT INTO verb_types (id,verb_id,name,concept,order_no) VALUES (12,3,'시간이 걸리다','어떤 일이 시간을 가져가 쓰는 그림',2);
INSERT INTO sentences (id,type_id,ko,en,level,frequency,tense) VALUES (111,12,'얼마나 걸려?','How long does it take?',2,'중','현재');
INSERT INTO sentences (id,type_id,ko,en,level,frequency,tense) VALUES (112,12,'10분밖에 안 걸려.','It only takes 10 minutes.',2,'중','현재');
INSERT INTO sentences (id,type_id,ko,en,level,frequency,tense) VALUES (113,12,'생각보다 오래 걸렸어.','It took longer than I thought.',2,'중','과거');
INSERT INTO sentences (id,type_id,ko,en,level,frequency,tense) VALUES (114,12,'시간이 좀 걸릴 거야.','It will take some time.',2,'중','미래');
INSERT INTO sentences (id,type_id,ko,en,level,frequency,tense) VALUES (115,12,'그거 하는 데 한 시간 걸렸어.','It took an hour to do that.',3,'중','과거');
INSERT INTO sentences (id,type_id,ko,en,level,frequency,tense) VALUES (116,12,'거기 가는 데 얼마나 걸려?','How long does it take to get there?',3,'중','현재');
INSERT INTO sentences (id,type_id,ko,en,level,frequency,tense) VALUES (117,12,'오래 안 걸려.','It won''t take long.',1,'중','현재');
INSERT INTO sentences (id,type_id,ko,en,level,frequency,tense) VALUES (118,12,'준비하는 데 시간 좀 걸려.','It takes time to get ready.',2,'중','현재');
INSERT INTO sentences (id,type_id,ko,en,level,frequency,tense) VALUES (119,12,'그거 끝내는 데 하루 걸렸어.','It took a day to finish it.',3,'중','과거');
INSERT INTO sentences (id,type_id,ko,en,level,frequency,tense) VALUES (120,12,'배우는 데 시간이 걸려.','It takes time to learn.',2,'중','현재');
INSERT INTO verb_types (id,verb_id,name,concept,order_no) VALUES (13,3,'휴식·행동을 취하다','행동·휴식을 스스로 가져와 하는 그림',3);
INSERT INTO sentences (id,type_id,ko,en,level,frequency,tense) VALUES (121,13,'우리 잠깐 쉬자.','Let''s take a break.',1,'중','현재');
INSERT INTO sentences (id,type_id,ko,en,level,frequency,tense) VALUES (122,13,'나 낮잠 잘게.','I''ll take a nap.',1,'중','미래');
INSERT INTO sentences (id,type_id,ko,en,level,frequency,tense) VALUES (123,13,'심호흡해.','Take a deep breath.',1,'중','현재');
INSERT INTO sentences (id,type_id,ko,en,level,frequency,tense) VALUES (124,13,'산책 좀 하자.','Let''s take a walk.',1,'중','현재');
INSERT INTO sentences (id,type_id,ko,en,level,frequency,tense) VALUES (125,13,'샤워 좀 할게.','I''m going to take a shower.',2,'중','현재');
INSERT INTO sentences (id,type_id,ko,en,level,frequency,tense) VALUES (126,13,'잠깐 쉬어.','Take a rest.',1,'중','현재');
INSERT INTO sentences (id,type_id,ko,en,level,frequency,tense) VALUES (127,13,'한 발 물러서서 생각해 봐.','Take a step back.',1,'중','현재');
INSERT INTO sentences (id,type_id,ko,en,level,frequency,tense) VALUES (128,13,'나 그냥 하루 쉬었어.','I took a day off.',2,'중','과거');
INSERT INTO sentences (id,type_id,ko,en,level,frequency,tense) VALUES (129,13,'천천히 해.','Take your time.',1,'중','현재');
INSERT INTO sentences (id,type_id,ko,en,level,frequency,tense) VALUES (130,13,'우리 좀 쉬었다 가자.','Let''s take a moment.',1,'중','현재');
INSERT INTO verb_types (id,verb_id,name,concept,order_no) VALUES (14,3,'책임·처리를 떠맡다','일·책임을 어깨에 짊어지는 그림',4);
INSERT INTO sentences (id,type_id,ko,en,level,frequency,tense) VALUES (131,14,'내가 처리할게.','I''ll take care of it.',2,'중','미래');
INSERT INTO sentences (id,type_id,ko,en,level,frequency,tense) VALUES (132,14,'내가 책임질게.','I''ll take responsibility.',1,'중','미래');
INSERT INTO sentences (id,type_id,ko,en,level,frequency,tense) VALUES (133,14,'이건 네가 맡아.','You take this one.',1,'중','현재');
INSERT INTO sentences (id,type_id,ko,en,level,frequency,tense) VALUES (134,14,'그가 그 일을 맡았어.','He took the job.',1,'중','과거');
INSERT INTO sentences (id,type_id,ko,en,level,frequency,tense) VALUES (135,14,'내가 애들 볼게.','I''ll take care of the kids.',2,'중','미래');
INSERT INTO sentences (id,type_id,ko,en,level,frequency,tense) VALUES (136,14,'이 문제는 내가 처리할게.','I''ll handle this — I''ll take care of it.',3,'중','미래');
INSERT INTO sentences (id,type_id,ko,en,level,frequency,tense) VALUES (137,14,'그녀가 팀을 이끌게 됐어.','She took charge of the team.',2,'중','과거');
INSERT INTO sentences (id,type_id,ko,en,level,frequency,tense) VALUES (138,14,'내가 다 책임질게.','I''ll take the blame.',1,'중','미래');
INSERT INTO sentences (id,type_id,ko,en,level,frequency,tense) VALUES (139,14,'그가 주도권을 잡았어.','He took the lead.',1,'중','과거');
INSERT INTO sentences (id,type_id,ko,en,level,frequency,tense) VALUES (140,14,'내가 알아서 처리할게.','I''ll take care of everything.',2,'중','미래');

INSERT INTO verb_types (id,verb_id,name,concept,order_no) VALUES (15,4,'만들다·요리하다','재료로 새 결과물을 빚어내는 그림',1);
INSERT INTO sentences (id,type_id,ko,en,level,frequency,tense) VALUES (141,15,'내가 커피 만들어 줄게.','I''ll make you a coffee.',2,'중','미래');
INSERT INTO sentences (id,type_id,ko,en,level,frequency,tense) VALUES (142,15,'우리 저녁 같이 만들자.','Let''s make dinner together.',1,'중','현재');
INSERT INTO sentences (id,type_id,ko,en,level,frequency,tense) VALUES (143,15,'예약했어?','Did you make a reservation?',2,'중','현재');
INSERT INTO sentences (id,type_id,ko,en,level,frequency,tense) VALUES (144,15,'그녀가 케이크 만들었어.','She made a cake.',1,'중','과거');
INSERT INTO sentences (id,type_id,ko,en,level,frequency,tense) VALUES (145,15,'계획 세우자.','Let''s make a plan.',1,'중','현재');
INSERT INTO sentences (id,type_id,ko,en,level,frequency,tense) VALUES (146,15,'나 실수했어.','I made a mistake.',1,'중','과거');
INSERT INTO sentences (id,type_id,ko,en,level,frequency,tense) VALUES (147,15,'그가 나한테 샌드위치 만들어 줬어.','He made me a sandwich.',2,'중','과거');
INSERT INTO sentences (id,type_id,ko,en,level,frequency,tense) VALUES (148,15,'목록 좀 만들자.','Let''s make a list.',1,'중','현재');
INSERT INTO sentences (id,type_id,ko,en,level,frequency,tense) VALUES (149,15,'나 아침에 침대 정리했어.','I made my bed this morning.',2,'중','과거');
INSERT INTO sentences (id,type_id,ko,en,level,frequency,tense) VALUES (150,15,'우리 약속 잡았어.','We made an appointment.',1,'중','과거');
INSERT INTO verb_types (id,verb_id,name,concept,order_no) VALUES (16,4,'~하게 만들다 (사역)','상대의 감정·상태를 바꾸는 그림',2);
INSERT INTO sentences (id,type_id,ko,en,level,frequency,tense) VALUES (151,16,'너는 날 웃게 해.','You make me laugh.',1,'중','현재');
INSERT INTO sentences (id,type_id,ko,en,level,frequency,tense) VALUES (152,16,'그게 날 행복하게 해.','That makes me happy.',1,'중','현재');
INSERT INTO sentences (id,type_id,ko,en,level,frequency,tense) VALUES (153,16,'이 노래 들으면 기분 좋아져.','This song makes me feel good.',2,'중','현재');
INSERT INTO sentences (id,type_id,ko,en,level,frequency,tense) VALUES (154,16,'그게 날 슬프게 했어.','That made me sad.',1,'중','과거');
INSERT INTO sentences (id,type_id,ko,en,level,frequency,tense) VALUES (155,16,'너 때문에 기다리게 됐잖아.','You made me wait.',1,'중','과거');
INSERT INTO sentences (id,type_id,ko,en,level,frequency,tense) VALUES (156,16,'그 영화 보고 울었어.','That movie made me cry.',2,'중','과거');
INSERT INTO sentences (id,type_id,ko,en,level,frequency,tense) VALUES (157,16,'이게 더 쉬워졌어.','This makes it easier.',1,'중','현재');
INSERT INTO sentences (id,type_id,ko,en,level,frequency,tense) VALUES (158,16,'그가 날 화나게 했어.','He made me angry.',1,'중','과거');
INSERT INTO sentences (id,type_id,ko,en,level,frequency,tense) VALUES (159,16,'그 생각하면 웃겨.','It makes me smile.',1,'중','현재');
INSERT INTO sentences (id,type_id,ko,en,level,frequency,tense) VALUES (160,16,'keep awake가 자연스러운 연어','Coffee keeps me awake.',1,'중','현재');
INSERT INTO verb_types (id,verb_id,name,concept,order_no) VALUES (17,4,'결정·성취하다','결심·성공을 만들어내는 그림 (해내다)',3);
INSERT INTO sentences (id,type_id,ko,en,level,frequency,tense) VALUES (161,17,'나 결정했어.','I made up my mind.',2,'중','과거');
INSERT INTO sentences (id,type_id,ko,en,level,frequency,tense) VALUES (162,17,'너 할 수 있어.','You can make it.',1,'중','현재');
INSERT INTO sentences (id,type_id,ko,en,level,frequency,tense) VALUES (163,17,'제시간에 올 수 있어?','Can you make it on time?',2,'중','현재');
INSERT INTO sentences (id,type_id,ko,en,level,frequency,tense) VALUES (164,17,'우리 해냈어!','We made it!',1,'중','과거');
INSERT INTO sentences (id,type_id,ko,en,level,frequency,tense) VALUES (165,17,'그가 결정을 내렸어.','He made a decision.',1,'중','과거');
INSERT INTO sentences (id,type_id,ko,en,level,frequency,tense) VALUES (166,17,'핑계 대지 마.','Don''t make excuses.',1,'중','현재');
INSERT INTO sentences (id,type_id,ko,en,level,frequency,tense) VALUES (167,17,'나 내일 모임 못 가.','I can''t make it tomorrow.',2,'중','현재');
INSERT INTO sentences (id,type_id,ko,en,level,frequency,tense) VALUES (168,17,'그녀가 큰 성과를 냈어.','She made great progress.',1,'중','과거');
INSERT INTO sentences (id,type_id,ko,en,level,frequency,tense) VALUES (169,17,'우리 마감 맞췄어.','We made the deadline.',1,'중','과거');
INSERT INTO sentences (id,type_id,ko,en,level,frequency,tense) VALUES (170,17,'드디어 성공했어.','I finally made it.',1,'중','과거');
INSERT INTO verb_types (id,verb_id,name,concept,order_no) VALUES (18,4,'~을 ~한 상태로 (5형식)','대상을 특정 상태로 바꿔 놓는 그림',4);
INSERT INTO sentences (id,type_id,ko,en,level,frequency,tense) VALUES (171,18,'문 좀 열어 둬.','Keep the door open.',1,'중','현재');
INSERT INTO sentences (id,type_id,ko,en,level,frequency,tense) VALUES (172,18,'그게 날 편하게 해 줘.','That makes me comfortable.',1,'중','현재');
INSERT INTO sentences (id,type_id,ko,en,level,frequency,tense) VALUES (173,18,'이 책 도움 많이 됐어.','I found this book helpful.',2,'중','현재');
INSERT INTO sentences (id,type_id,ko,en,level,frequency,tense) VALUES (174,18,'조용히 좀 해 줘.','Please keep it quiet.',1,'중','현재');
INSERT INTO sentences (id,type_id,ko,en,level,frequency,tense) VALUES (175,18,'그 소식 듣고 기뻤어.','The news made me happy.',2,'중','과거');
INSERT INTO sentences (id,type_id,ko,en,level,frequency,tense) VALUES (176,18,'그게 일을 쉽게 만들어.','That makes the work easy.',2,'중','현재');
INSERT INTO sentences (id,type_id,ko,en,level,frequency,tense) VALUES (177,18,'따뜻하게 입어.','Keep yourself warm.',1,'중','현재');
INSERT INTO sentences (id,type_id,ko,en,level,frequency,tense) VALUES (178,18,'그 영화 지루했어.','I found the movie boring.',2,'중','현재');
INSERT INTO sentences (id,type_id,ko,en,level,frequency,tense) VALUES (179,18,'네가 우리를 자랑스럽게 했어.','You made us proud.',1,'중','과거');
INSERT INTO sentences (id,type_id,ko,en,level,frequency,tense) VALUES (180,18,'계속 깨어 있어.','Keep yourself awake.',1,'중','현재');

-- 함정 카드
INSERT INTO traps (id,verb_id,wrong_ex,right_ex,why) VALUES (1,1,'I have car.','I have a car.','차 한 대 → a 필수 (셀 수 있는 명사)');
INSERT INTO traps (id,verb_id,wrong_ex,right_ex,why) VALUES (2,1,'I am have a question.','I have a question.','have가 동사, am 빼기');
INSERT INTO traps (id,verb_id,wrong_ex,right_ex,why) VALUES (3,1,'She have two sisters.','She has two sisters.','3인칭 단수 → has');
INSERT INTO traps (id,verb_id,wrong_ex,right_ex,why) VALUES (4,1,'I have a homework.','I have homework.','homework는 셀 수 없음 → a 없이');
INSERT INTO traps (id,verb_id,wrong_ex,right_ex,why) VALUES (5,2,'I get new shoes yesterday.','I got new shoes yesterday.','yesterday → 과거 got');
INSERT INTO traps (id,verb_id,wrong_ex,right_ex,why) VALUES (6,2,'It get dark.','It''s getting dark.','변하는 중 → 진행형 (is getting)');
INSERT INTO traps (id,verb_id,wrong_ex,right_ex,why) VALUES (7,2,'I get to home.','I get home.','home 앞엔 to 없음 (부사)');
INSERT INTO traps (id,verb_id,wrong_ex,right_ex,why) VALUES (8,2,'He get angry.','He got angry.','이미 화남 → 과거 got');
INSERT INTO traps (id,verb_id,wrong_ex,right_ex,why) VALUES (9,3,'How long it takes?','How long does it take?','의문문 → does + 동사원형');
INSERT INTO traps (id,verb_id,wrong_ex,right_ex,why) VALUES (10,3,'I take a picture yesterday.','I took a picture yesterday.','과거 → took');
INSERT INTO traps (id,verb_id,wrong_ex,right_ex,why) VALUES (11,3,'Take a your time.','Take your time.','your 앞에 a 없음');
INSERT INTO traps (id,verb_id,wrong_ex,right_ex,why) VALUES (12,3,'It take 10 minutes.','It takes 10 minutes.','3인칭 단수 it → takes');
INSERT INTO traps (id,verb_id,wrong_ex,right_ex,why) VALUES (13,4,'You make me to laugh.','You make me laugh.','make + 목적어 + 동사원형 (to 없음)');
INSERT INTO traps (id,verb_id,wrong_ex,right_ex,why) VALUES (14,4,'I make a mistake yesterday.','I made a mistake yesterday.','과거 → made');
INSERT INTO traps (id,verb_id,wrong_ex,right_ex,why) VALUES (15,4,'That make me happy.','That makes me happy.','That(3인칭) → makes');
INSERT INTO traps (id,verb_id,wrong_ex,right_ex,why) VALUES (16,4,'Let''s make a dinner.','Let''s make dinner.','식사 dinner는 보통 a 없이');

-- 0단계 뼈대
INSERT INTO stage0_items (id,name,concept,examples,order_no) VALUES (1,'뼈대 1 — 주어 + 동사는 반드시 있다','한국어는 ''배고파''로 끝나지만, 영어는 ''누가(주어) + 어쩐다(동사)''가 항상 있어야 그림이 완성됨','[{"wrong": "Hungry.", "right": "I am hungry.", "why": "누가 배고픈지(I) + 상태(am) 둘 다 필요"}, {"wrong": "Go now.", "right": "I will go now.", "why": "명령이 아니면 주어(I) 필수"}, {"wrong": "So tired.", "right": "I''m so tired.", "why": "감정도 주어+be동사로 시작"}, {"wrong": "Rain a lot.", "right": "It rains a lot.", "why": "비가 와도 주어 It 필요 (영어는 빈자리 안 둠)"}]'::jsonb,1);
INSERT INTO stage0_items (id,name,concept,examples,order_no) VALUES (2,'뼈대 2 — be동사와 일반동사는 못 섞는다','한 문장에 진짜 동사는 하나. be(am/is/are)는 ''상태'', 일반동사는 ''행동''. 둘을 같이 쓰면 충돌','[{"wrong": "I am have a car.", "right": "I have a car.", "why": "have가 동사니까 am 불필요"}, {"wrong": "I am go to work.", "right": "I go to work.", "why": "go가 동사. am 빼기"}, {"wrong": "She is have lunch.", "right": "She is having lunch.", "why": "굳이 is 쓰려면 동사를 -ing로 (진행형)"}, {"wrong": "I hungry.", "right": "I am hungry.", "why": "hungry는 형용사라 동사 am 필요"}]'::jsonb,2);
INSERT INTO stage0_items (id,name,concept,examples,order_no) VALUES (3,'뼈대 3 — 셀 수 있는 명사엔 a / the가 붙는다','한국어엔 없는 개념. ''a''는 ''하나의(아무거나)'', ''the''는 ''바로 그것''. 명사 앞 빈자리를 못 둠','[{"wrong": "I have car.", "right": "I have a car.", "why": "차 ''한 대'' — a가 ''하나''라는 그림"}, {"wrong": "I''m teacher.", "right": "I''m a teacher.", "why": "직업 앞엔 a (여럿 중 하나)"}, {"wrong": "Close door.", "right": "Close the door.", "why": "서로 아는 ''바로 그 문'' — the"}, {"wrong": "I like dog.", "right": "I like dogs.", "why": "개 전체를 좋아하면 복수 (a도 the도 없이)"}]'::jsonb,3);
INSERT INTO stage0_items (id,name,concept,examples,order_no) VALUES (4,'뼈대 4 — 한국어 ''있다''는 영어로 3가지','''있다''를 무조건 have로 쓰면 안 됨. 소유면 have, 위치면 there is, 사람 위치면 be','[{"wrong": "There is a friend. (친구 있어)", "right": "I have a friend.", "why": "내가 가진 관계 → have"}, {"wrong": "I have a book on the desk.", "right": "There is a book on the desk.", "why": "어떤 장소에 존재 → there is"}, {"wrong": "I have at home.", "right": "I''m at home.", "why": "내가 어떤 장소에 → be동사"}, {"wrong": "Have a problem here.", "right": "There''s a problem here.", "why": "문제가 존재함 → there is"}]'::jsonb,4);

-- 시퀀스 동기화
SELECT setval('verbs_id_seq', (SELECT MAX(id) FROM verbs));
SELECT setval('verb_types_id_seq', (SELECT MAX(id) FROM verb_types));
SELECT setval('sentences_id_seq', (SELECT MAX(id) FROM sentences));
SELECT setval('traps_id_seq', (SELECT MAX(id) FROM traps));
SELECT setval('stage0_items_id_seq', (SELECT MAX(id) FROM stage0_items));